{"summaries":[{"symbol":{"__symbol":0,"members":[]},"metadata":{"__symbol":1,"members":[]}},{"symbol":{"__symbol":2,"members":[]},"metadata":{"__symbol":3,"members":[]}},{"symbol":{"__symbol":4,"members":[]},"metadata":{"__symbol":5,"members":[]}},{"symbol":{"__symbol":6,"members":[]},"metadata":{"__symbol":7,"members":[]}},{"symbol":{"__symbol":8,"members":[]},"metadata":{"__symbol":9,"members":[]}}],"symbols":[{"__symbol":0,"name":"Toast","filePath":"/Users/dereks/Documents/PointInside/ng2-toastr/ng2-toastr.d.ts"},{"__symbol":1,"name":"Toast","filePath":"/Users/dereks/Documents/PointInside/ng2-toastr/src/toast.d.ts"},{"__symbol":2,"name":"ToastsManager","filePath":"/Users/dereks/Documents/PointInside/ng2-toastr/ng2-toastr.d.ts"},{"__symbol":3,"name":"ToastsManager","filePath":"/Users/dereks/Documents/PointInside/ng2-toastr/src/toast-manager.d.ts"},{"__symbol":4,"name":"ToastContainer","filePath":"/Users/dereks/Documents/PointInside/ng2-toastr/ng2-toastr.d.ts"},{"__symbol":5,"name":"ToastContainer","filePath":"/Users/dereks/Documents/PointInside/ng2-toastr/src/toast-container.component.d.ts"},{"__symbol":6,"name":"ToastOptions","filePath":"/Users/dereks/Documents/PointInside/ng2-toastr/ng2-toastr.d.ts"},{"__symbol":7,"name":"ToastOptions","filePath":"/Users/dereks/Documents/PointInside/ng2-toastr/src/toast-options.d.ts"},{"__symbol":8,"name":"ToastModule","filePath":"/Users/dereks/Documents/PointInside/ng2-toastr/ng2-toastr.d.ts"},{"__symbol":9,"name":"ToastModule","filePath":"/Users/dereks/Documents/PointInside/ng2-toastr/src/toast.module.d.ts"}]}