[{"__symbolic":"module","version":3,"metadata":{},"exports":[{"from":"./src/toast","export":["Toast"]},{"from":"./src/toast-manager","export":["ToastsManager"]},{"from":"./src/toast-container.component","export":["ToastContainer"]},{"from":"./src/toast-options","export":["ToastOptions"]},{"from":"./src/toast.module","export":["ToastModule"]}]},{"__symbolic":"module","version":1,"metadata":{},"exports":[{"from":"./src/toast","export":["Toast"]},{"from":"./src/toast-manager","export":["ToastsManager"]},{"from":"./src/toast-container.component","export":["ToastContainer"]},{"from":"./src/toast-options","export":["ToastOptions"]},{"from":"./src/toast.module","export":["ToastModule"]}]}]