[{"__symbolic":"module","version":3,"metadata":{"ToastsManager":{"__symbolic":"class","decorators":[{"__symbolic":"call","expression":{"__symbolic":"reference","module":"@angular/core","name":"Injectable"}}],"members":{"__ctor__":[{"__symbolic":"constructor","parameters":[{"__symbolic":"reference","module":"@angular/core","name":"ComponentFactoryResolver"},{"__symbolic":"reference","module":"@angular/core","name":"NgZone"},{"__symbolic":"reference","module":"@angular/core","name":"ApplicationRef"},{"__symbolic":"reference","module":"./toast-options","name":"ToastOptions"}]}],"setRootViewContainerRef":[{"__symbolic":"method"}],"onClickToast":[{"__symbolic":"method"}],"show":[{"__symbolic":"method"}],"createTimeout":[{"__symbolic":"method"}],"setupToast":[{"__symbolic":"method"}],"_onToastClicked":[{"__symbolic":"method"}],"dismissToast":[{"__symbolic":"method"}],"clearToast":[{"__symbolic":"method"}],"clearAllToasts":[{"__symbolic":"method"}],"dispose":[{"__symbolic":"method"}],"error":[{"__symbolic":"method"}],"info":[{"__symbolic":"method"}],"success":[{"__symbolic":"method"}],"warning":[{"__symbolic":"method"}],"custom":[{"__symbolic":"method"}]}}}},{"__symbolic":"module","version":1,"metadata":{"ToastsManager":{"__symbolic":"class","decorators":[{"__symbolic":"call","expression":{"__symbolic":"reference","module":"@angular/core","name":"Injectable"}}],"members":{"__ctor__":[{"__symbolic":"constructor","parameters":[{"__symbolic":"reference","module":"@angular/core","name":"ComponentFactoryResolver"},{"__symbolic":"reference","module":"@angular/core","name":"NgZone"},{"__symbolic":"reference","module":"@angular/core","name":"ApplicationRef"},{"__symbolic":"reference","module":"./toast-options","name":"ToastOptions"}]}],"setRootViewContainerRef":[{"__symbolic":"method"}],"onClickToast":[{"__symbolic":"method"}],"show":[{"__symbolic":"method"}],"createTimeout":[{"__symbolic":"method"}],"setupToast":[{"__symbolic":"method"}],"_onToastClicked":[{"__symbolic":"method"}],"dismissToast":[{"__symbolic":"method"}],"clearToast":[{"__symbolic":"method"}],"clearAllToasts":[{"__symbolic":"method"}],"dispose":[{"__symbolic":"method"}],"error":[{"__symbolic":"method"}],"info":[{"__symbolic":"method"}],"success":[{"__symbolic":"method"}],"warning":[{"__symbolic":"method"}],"custom":[{"__symbolic":"method"}]}}}}]