[{"__symbolic":"module","version":3,"metadata":{"ToastContainer":{"__symbolic":"class","decorators":[{"__symbolic":"call","expression":{"__symbolic":"reference","module":"@angular/core","name":"Component"},"arguments":[{"selector":"toast-container","template":"\n    <div #toastContainer id=\"toast-container\" [style.position]=\"position\" class=\"{{positionClass}}\">\n      <div *ngFor=\"let toast of toasts\" [@inOut]=\"animate\" (@inOut.done)=\"onAnimationEnd($event)\" class=\"toast toast-{{toast.type}}\" \n      (click)=\"clicked(toast)\">\n        <div class=\"toast-close-button\" *ngIf=\"toast.config.showCloseButton\" (click)=\"removeToast(toast)\">&times;\n        </div> \n        <div *ngIf=\"toast.title\" class=\"{{toast.config.titleClass || titleClass}}\">{{toast.title}}</div>\n        <div [ngSwitch]=\"toast.config.enableHTML\">\n          <span *ngSwitchCase=\"true\" class=\"{{toast.config.messageClass || messageClass}}\" [innerHTML]=\"sanitizer.bypassSecurityTrustHtml(toast.message)\"></span>\n          <span *ngSwitchDefault class=\"{{toast.config.messageClass || messageClass}}\">{{toast.message}}</span>\n        </div>             \n      </div>\n    </div>\n    ","animations":[{"__symbolic":"call","expression":{"__symbolic":"reference","module":"@angular/core","name":"trigger"},"arguments":["inOut",[{"__symbolic":"call","expression":{"__symbolic":"reference","module":"@angular/core","name":"state"},"arguments":["flyRight, flyLeft",{"__symbolic":"call","expression":{"__symbolic":"reference","module":"@angular/core","name":"style"},"arguments":[{"opacity":1,"transform":"translateX(0)"}]}]},{"__symbolic":"call","expression":{"__symbolic":"reference","module":"@angular/core","name":"state"},"arguments":["fade",{"__symbolic":"call","expression":{"__symbolic":"reference","module":"@angular/core","name":"style"},"arguments":[{"opacity":1}]}]},{"__symbolic":"call","expression":{"__symbolic":"reference","module":"@angular/core","name":"state"},"arguments":["slideDown, slideUp",{"__symbolic":"call","expression":{"__symbolic":"reference","module":"@angular/core","name":"style"},"arguments":[{"opacity":1,"transform":"translateY(0)"}]}]},{"__symbolic":"call","expression":{"__symbolic":"reference","module":"@angular/core","name":"transition"},"arguments":["void => flyRight",[{"__symbolic":"call","expression":{"__symbolic":"reference","module":"@angular/core","name":"style"},"arguments":[{"opacity":0,"transform":"translateX(100%)"}]},{"__symbolic":"call","expression":{"__symbolic":"reference","module":"@angular/core","name":"animate"},"arguments":["0.2s ease-in"]}]]},{"__symbolic":"call","expression":{"__symbolic":"reference","module":"@angular/core","name":"transition"},"arguments":["flyRight => void",[{"__symbolic":"call","expression":{"__symbolic":"reference","module":"@angular/core","name":"animate"},"arguments":["0.2s 10ms ease-out",{"__symbolic":"call","expression":{"__symbolic":"reference","module":"@angular/core","name":"style"},"arguments":[{"opacity":0,"transform":"translateX(100%)"}]}]}]]},{"__symbolic":"call","expression":{"__symbolic":"reference","module":"@angular/core","name":"transition"},"arguments":["void => flyLeft",[{"__symbolic":"call","expression":{"__symbolic":"reference","module":"@angular/core","name":"style"},"arguments":[{"opacity":0,"transform":"translateX(-100%)"}]},{"__symbolic":"call","expression":{"__symbolic":"reference","module":"@angular/core","name":"animate"},"arguments":["0.2s ease-in"]}]]},{"__symbolic":"call","expression":{"__symbolic":"reference","module":"@angular/core","name":"transition"},"arguments":["flyLeft => void",[{"__symbolic":"call","expression":{"__symbolic":"reference","module":"@angular/core","name":"animate"},"arguments":["0.2s 10ms ease-out",{"__symbolic":"call","expression":{"__symbolic":"reference","module":"@angular/core","name":"style"},"arguments":[{"opacity":0,"transform":"translateX(-100%)"}]}]}]]},{"__symbolic":"call","expression":{"__symbolic":"reference","module":"@angular/core","name":"transition"},"arguments":["void => fade",[{"__symbolic":"call","expression":{"__symbolic":"reference","module":"@angular/core","name":"style"},"arguments":[{"opacity":0}]},{"__symbolic":"call","expression":{"__symbolic":"reference","module":"@angular/core","name":"animate"},"arguments":["0.3s ease-in"]}]]},{"__symbolic":"call","expression":{"__symbolic":"reference","module":"@angular/core","name":"transition"},"arguments":["fade => void",[{"__symbolic":"call","expression":{"__symbolic":"reference","module":"@angular/core","name":"animate"},"arguments":["0.3s 10ms ease-out",{"__symbolic":"call","expression":{"__symbolic":"reference","module":"@angular/core","name":"style"},"arguments":[{"opacity":0}]}]}]]},{"__symbolic":"call","expression":{"__symbolic":"reference","module":"@angular/core","name":"transition"},"arguments":["void => slideDown",[{"__symbolic":"call","expression":{"__symbolic":"reference","module":"@angular/core","name":"style"},"arguments":[{"opacity":0,"transform":"translateY(-200%)"}]},{"__symbolic":"call","expression":{"__symbolic":"reference","module":"@angular/core","name":"animate"},"arguments":["0.3s ease-in"]}]]},{"__symbolic":"call","expression":{"__symbolic":"reference","module":"@angular/core","name":"transition"},"arguments":["slideDown => void",[{"__symbolic":"call","expression":{"__symbolic":"reference","module":"@angular/core","name":"animate"},"arguments":["0.3s 10ms ease-out",{"__symbolic":"call","expression":{"__symbolic":"reference","module":"@angular/core","name":"style"},"arguments":[{"opacity":0,"transform":"translateY(-200%)"}]}]}]]},{"__symbolic":"call","expression":{"__symbolic":"reference","module":"@angular/core","name":"transition"},"arguments":["void => slideUp",[{"__symbolic":"call","expression":{"__symbolic":"reference","module":"@angular/core","name":"style"},"arguments":[{"opacity":0,"transform":"translateY(200%)"}]},{"__symbolic":"call","expression":{"__symbolic":"reference","module":"@angular/core","name":"animate"},"arguments":["0.3s ease-in"]}]]},{"__symbolic":"call","expression":{"__symbolic":"reference","module":"@angular/core","name":"transition"},"arguments":["slideUp => void",[{"__symbolic":"call","expression":{"__symbolic":"reference","module":"@angular/core","name":"animate"},"arguments":["0.3s 10ms ease-out",{"__symbolic":"call","expression":{"__symbolic":"reference","module":"@angular/core","name":"style"},"arguments":[{"opacity":0,"transform":"translateY(200%)"}]}]}]]}]]}]}]}],"members":{"__ctor__":[{"__symbolic":"constructor","parameters":[{"__symbolic":"reference","module":"@angular/platform-browser","name":"DomSanitizer"},{"__symbolic":"reference","module":"@angular/core","name":"ChangeDetectorRef"},{"__symbolic":"reference","module":"@angular/core","name":"NgZone"},{"__symbolic":"reference","module":"./toast-options","name":"ToastOptions"}]}],"onEnter":[{"__symbolic":"method"}],"onExit":[{"__symbolic":"method"}],"addToast":[{"__symbolic":"method"}],"removeToast":[{"__symbolic":"method"}],"removeAllToasts":[{"__symbolic":"method"}],"clicked":[{"__symbolic":"method"}],"anyToast":[{"__symbolic":"method"}],"findToast":[{"__symbolic":"method"}],"onAnimationEnd":[{"__symbolic":"method"}],"_ngExit":[{"__symbolic":"method"}],"ngOnDestroy":[{"__symbolic":"method"}]}}}},{"__symbolic":"module","version":1,"metadata":{"ToastContainer":{"__symbolic":"class","decorators":[{"__symbolic":"call","expression":{"__symbolic":"reference","module":"@angular/core","name":"Component"},"arguments":[{"selector":"toast-container","template":"\n    <div #toastContainer id=\"toast-container\" [style.position]=\"position\" class=\"{{positionClass}}\">\n      <div *ngFor=\"let toast of toasts\" [@inOut]=\"animate\" (@inOut.done)=\"onAnimationEnd($event)\" class=\"toast toast-{{toast.type}}\" \n      (click)=\"clicked(toast)\">\n        <div class=\"toast-close-button\" *ngIf=\"toast.config.showCloseButton\" (click)=\"removeToast(toast)\">&times;\n        </div> \n        <div *ngIf=\"toast.title\" class=\"{{toast.config.titleClass || titleClass}}\">{{toast.title}}</div>\n        <div [ngSwitch]=\"toast.config.enableHTML\">\n          <span *ngSwitchCase=\"true\" class=\"{{toast.config.messageClass || messageClass}}\" [innerHTML]=\"sanitizer.bypassSecurityTrustHtml(toast.message)\"></span>\n          <span *ngSwitchDefault class=\"{{toast.config.messageClass || messageClass}}\">{{toast.message}}</span>\n        </div>             \n      </div>\n    </div>\n    ","animations":[{"__symbolic":"call","expression":{"__symbolic":"reference","module":"@angular/core","name":"trigger"},"arguments":["inOut",[{"__symbolic":"call","expression":{"__symbolic":"reference","module":"@angular/core","name":"state"},"arguments":["flyRight, flyLeft",{"__symbolic":"call","expression":{"__symbolic":"reference","module":"@angular/core","name":"style"},"arguments":[{"opacity":1,"transform":"translateX(0)"}]}]},{"__symbolic":"call","expression":{"__symbolic":"reference","module":"@angular/core","name":"state"},"arguments":["fade",{"__symbolic":"call","expression":{"__symbolic":"reference","module":"@angular/core","name":"style"},"arguments":[{"opacity":1}]}]},{"__symbolic":"call","expression":{"__symbolic":"reference","module":"@angular/core","name":"state"},"arguments":["slideDown, slideUp",{"__symbolic":"call","expression":{"__symbolic":"reference","module":"@angular/core","name":"style"},"arguments":[{"opacity":1,"transform":"translateY(0)"}]}]},{"__symbolic":"call","expression":{"__symbolic":"reference","module":"@angular/core","name":"transition"},"arguments":["void => flyRight",[{"__symbolic":"call","expression":{"__symbolic":"reference","module":"@angular/core","name":"style"},"arguments":[{"opacity":0,"transform":"translateX(100%)"}]},{"__symbolic":"call","expression":{"__symbolic":"reference","module":"@angular/core","name":"animate"},"arguments":["0.2s ease-in"]}]]},{"__symbolic":"call","expression":{"__symbolic":"reference","module":"@angular/core","name":"transition"},"arguments":["flyRight => void",[{"__symbolic":"call","expression":{"__symbolic":"reference","module":"@angular/core","name":"animate"},"arguments":["0.2s 10ms ease-out",{"__symbolic":"call","expression":{"__symbolic":"reference","module":"@angular/core","name":"style"},"arguments":[{"opacity":0,"transform":"translateX(100%)"}]}]}]]},{"__symbolic":"call","expression":{"__symbolic":"reference","module":"@angular/core","name":"transition"},"arguments":["void => flyLeft",[{"__symbolic":"call","expression":{"__symbolic":"reference","module":"@angular/core","name":"style"},"arguments":[{"opacity":0,"transform":"translateX(-100%)"}]},{"__symbolic":"call","expression":{"__symbolic":"reference","module":"@angular/core","name":"animate"},"arguments":["0.2s ease-in"]}]]},{"__symbolic":"call","expression":{"__symbolic":"reference","module":"@angular/core","name":"transition"},"arguments":["flyLeft => void",[{"__symbolic":"call","expression":{"__symbolic":"reference","module":"@angular/core","name":"animate"},"arguments":["0.2s 10ms ease-out",{"__symbolic":"call","expression":{"__symbolic":"reference","module":"@angular/core","name":"style"},"arguments":[{"opacity":0,"transform":"translateX(-100%)"}]}]}]]},{"__symbolic":"call","expression":{"__symbolic":"reference","module":"@angular/core","name":"transition"},"arguments":["void => fade",[{"__symbolic":"call","expression":{"__symbolic":"reference","module":"@angular/core","name":"style"},"arguments":[{"opacity":0}]},{"__symbolic":"call","expression":{"__symbolic":"reference","module":"@angular/core","name":"animate"},"arguments":["0.3s ease-in"]}]]},{"__symbolic":"call","expression":{"__symbolic":"reference","module":"@angular/core","name":"transition"},"arguments":["fade => void",[{"__symbolic":"call","expression":{"__symbolic":"reference","module":"@angular/core","name":"animate"},"arguments":["0.3s 10ms ease-out",{"__symbolic":"call","expression":{"__symbolic":"reference","module":"@angular/core","name":"style"},"arguments":[{"opacity":0}]}]}]]},{"__symbolic":"call","expression":{"__symbolic":"reference","module":"@angular/core","name":"transition"},"arguments":["void => slideDown",[{"__symbolic":"call","expression":{"__symbolic":"reference","module":"@angular/core","name":"style"},"arguments":[{"opacity":0,"transform":"translateY(-200%)"}]},{"__symbolic":"call","expression":{"__symbolic":"reference","module":"@angular/core","name":"animate"},"arguments":["0.3s ease-in"]}]]},{"__symbolic":"call","expression":{"__symbolic":"reference","module":"@angular/core","name":"transition"},"arguments":["slideDown => void",[{"__symbolic":"call","expression":{"__symbolic":"reference","module":"@angular/core","name":"animate"},"arguments":["0.3s 10ms ease-out",{"__symbolic":"call","expression":{"__symbolic":"reference","module":"@angular/core","name":"style"},"arguments":[{"opacity":0,"transform":"translateY(-200%)"}]}]}]]},{"__symbolic":"call","expression":{"__symbolic":"reference","module":"@angular/core","name":"transition"},"arguments":["void => slideUp",[{"__symbolic":"call","expression":{"__symbolic":"reference","module":"@angular/core","name":"style"},"arguments":[{"opacity":0,"transform":"translateY(200%)"}]},{"__symbolic":"call","expression":{"__symbolic":"reference","module":"@angular/core","name":"animate"},"arguments":["0.3s ease-in"]}]]},{"__symbolic":"call","expression":{"__symbolic":"reference","module":"@angular/core","name":"transition"},"arguments":["slideUp => void",[{"__symbolic":"call","expression":{"__symbolic":"reference","module":"@angular/core","name":"animate"},"arguments":["0.3s 10ms ease-out",{"__symbolic":"call","expression":{"__symbolic":"reference","module":"@angular/core","name":"style"},"arguments":[{"opacity":0,"transform":"translateY(200%)"}]}]}]]}]]}]}]}],"members":{"__ctor__":[{"__symbolic":"constructor","parameters":[{"__symbolic":"reference","module":"@angular/platform-browser","name":"DomSanitizer"},{"__symbolic":"reference","module":"@angular/core","name":"ChangeDetectorRef"},{"__symbolic":"reference","module":"@angular/core","name":"NgZone"},{"__symbolic":"reference","module":"./toast-options","name":"ToastOptions"}]}],"onEnter":[{"__symbolic":"method"}],"onExit":[{"__symbolic":"method"}],"addToast":[{"__symbolic":"method"}],"removeToast":[{"__symbolic":"method"}],"removeAllToasts":[{"__symbolic":"method"}],"clicked":[{"__symbolic":"method"}],"anyToast":[{"__symbolic":"method"}],"findToast":[{"__symbolic":"method"}],"onAnimationEnd":[{"__symbolic":"method"}],"_ngExit":[{"__symbolic":"method"}],"ngOnDestroy":[{"__symbolic":"method"}]}}}}]