[{"__symbolic":"module","version":3,"metadata":{"Toast":{"__symbolic":"class","members":{"__ctor__":[{"__symbolic":"constructor","parameters":[{"__symbolic":"reference","name":"string"},{"__symbolic":"reference","name":"string"},{"__symbolic":"reference","name":"string"},{"__symbolic":"reference","name":"Object"}]}]}}}},{"__symbolic":"module","version":1,"metadata":{"Toast":{"__symbolic":"class","members":{"__ctor__":[{"__symbolic":"constructor","parameters":[{"__symbolic":"reference","name":"string"},{"__symbolic":"reference","name":"string"},{"__symbolic":"reference","name":"string"},{"__symbolic":"reference","name":"Object"}]}]}}}}]