[{"__symbolic":"module","version":3,"metadata":{"ToastModule":{"__symbolic":"class","decorators":[{"__symbolic":"call","expression":{"__symbolic":"reference","module":"@angular/core","name":"NgModule"},"arguments":[{"imports":[{"__symbolic":"reference","module":"@angular/common","name":"CommonModule"}],"declarations":[{"__symbolic":"reference","module":"./toast-container.component","name":"ToastContainer"}],"exports":[{"__symbolic":"reference","module":"./toast-container.component","name":"ToastContainer"}],"entryComponents":[{"__symbolic":"reference","module":"./toast-container.component","name":"ToastContainer"}]}]}],"statics":{"forRoot":{"__symbolic":"function","parameters":[],"value":{"ngModule":{"__symbolic":"reference","name":"ToastModule"},"providers":[{"__symbolic":"reference","module":"./toast-manager","name":"ToastsManager"},{"__symbolic":"reference","module":"./toast-options","name":"ToastOptions"}]}}}}}},{"__symbolic":"module","version":1,"metadata":{"ToastModule":{"__symbolic":"class","decorators":[{"__symbolic":"call","expression":{"__symbolic":"reference","module":"@angular/core","name":"NgModule"},"arguments":[{"imports":[{"__symbolic":"reference","module":"@angular/common","name":"CommonModule"}],"declarations":[{"__symbolic":"reference","module":"./toast-container.component","name":"ToastContainer"}],"exports":[{"__symbolic":"reference","module":"./toast-container.component","name":"ToastContainer"}],"entryComponents":[{"__symbolic":"reference","module":"./toast-container.component","name":"ToastContainer"}]}]}],"statics":{"forRoot":{"__symbolic":"function","parameters":[],"value":{"ngModule":{"__symbolic":"reference","name":"ToastModule"},"providers":[{"__symbolic":"reference","module":"./toast-manager","name":"ToastsManager"},{"__symbolic":"reference","module":"./toast-options","name":"ToastOptions"}]}}}}}}]